"temp","aridity_index","mean_gdd_temp","phio"
0,0.2,5,0.01927529
1,0.2,5,0.02160309
2,0.2,5,0.02419181
3,0.2,5,0.02706826
4,0.2,5,0.03026164
5,0.2,5,0.03380361
6,0.2,5,0.03772825
7,0.2,5,0.04207181
8,0.2,5,0.04687207
9,0.2,5,0.05216691
10,0.2,5,0.05799154
11,0.2,5,0.06437318
12,0.2,5,0.07132142
13,0.2,5,0.07881104
14,0.2,5,0.08675251
15,0.2,5,0.09494398
16,0.2,5,0.10299933
17,0.2,5,0.11025646
18,0.2,5,0.11569936
19,0.2,5,0.11798525
20,0.2,5,0.11572318
21,0.2,5,0.10807922
22,0.2,5,0.09545336
23,0.2,5,0.07962807
24,0.2,5,0.06306737
25,0.2,5,0.04787825
26,0.2,5,0.03521947
27,0.2,5,0.02535201
28,0.2,5,0.01799675
29,0.2,5,0.01266936
30,0.2,5,0.00887863
31,0.2,5,0.00620946
32,0.2,5,0.00434085
33,0.2,5,0.00303633
34,0.2,5,0.00212644
35,0.2,5,0.00149161
36,0.2,5,0.00104824
37,0.2,5,0.00073813
38,0.2,5,0.00052084
39,0.2,5,0.0003683
40,0.2,5,0.00026099
41,0.2,5,0.00018534
42,0.2,5,0.0001319
43,0.2,5,9.407e-05
44,0.2,5,6.724e-05
45,0.2,5,4.816e-05
46,0.2,5,3.456e-05
47,0.2,5,2.486e-05
48,0.2,5,1.791e-05
49,0.2,5,1.294e-05
50,0.2,5,9.36e-06
0,0.5,5,0.01927335
1,0.5,5,0.02160092
2,0.5,5,0.02418938
3,0.5,5,0.02706554
4,0.5,5,0.0302586
5,0.5,5,0.03380021
6,0.5,5,0.03772445
7,0.5,5,0.04206758
8,0.5,5,0.04686736
9,0.5,5,0.05216167
10,0.5,5,0.05798571
11,0.5,5,0.06436671
12,0.5,5,0.07131425
13,0.5,5,0.07880312
14,0.5,5,0.08674379
15,0.5,5,0.09493444
16,0.5,5,0.10298898
17,0.5,5,0.11024538
18,0.5,5,0.11568774
19,0.5,5,0.11797339
20,0.5,5,0.11571155
21,0.5,5,0.10806836
22,0.5,5,0.09544377
23,0.5,5,0.07962007
24,0.5,5,0.06306103
25,0.5,5,0.04787343
26,0.5,5,0.03521593
27,0.5,5,0.02534946
28,0.5,5,0.01799495
29,0.5,5,0.01266809
30,0.5,5,0.00887774
31,0.5,5,0.00620884
32,0.5,5,0.00434041
33,0.5,5,0.00303602
34,0.5,5,0.00212622
35,0.5,5,0.00149146
36,0.5,5,0.00104813
37,0.5,5,0.00073805
38,0.5,5,0.00052079
39,0.5,5,0.00036826
40,0.5,5,0.00026096
41,0.5,5,0.00018532
42,0.5,5,0.00013189
43,0.5,5,9.406e-05
44,0.5,5,6.723e-05
45,0.5,5,4.815e-05
46,0.5,5,3.456e-05
47,0.5,5,2.485e-05
48,0.5,5,1.791e-05
49,0.5,5,1.293e-05
50,0.5,5,9.36e-06
0,0.8,5,0.01911421
1,0.8,5,0.02142256
2,0.8,5,0.02398965
3,0.8,5,0.02684206
4,0.8,5,0.03000875
5,0.8,5,0.03352112
6,0.8,5,0.03741296
7,0.8,5,0.04172022
8,0.8,5,0.04648037
9,0.8,5,0.05173097
10,0.8,5,0.05750692
11,0.8,5,0.06383523
12,0.8,5,0.07072541
13,0.8,5,0.07815243
14,0.8,5,0.08602754
15,0.8,5,0.09415056
16,0.8,5,0.10213859
17,0.8,5,0.10933507
18,0.8,5,0.11473249
19,0.8,5,0.11699928
20,0.8,5,0.11475611
21,0.8,5,0.10717603
22,0.8,5,0.09465568
23,0.8,5,0.07896264
24,0.8,5,0.06254033
25,0.8,5,0.04747814
26,0.8,5,0.03492515
27,0.8,5,0.02514015
28,0.8,5,0.01784636
29,0.8,5,0.01256349
30,0.8,5,0.00880444
31,0.8,5,0.00615757
32,0.8,5,0.00430457
33,0.8,5,0.00301096
34,0.8,5,0.00210867
35,0.8,5,0.00147914
36,0.8,5,0.00103948
37,0.8,5,0.00073196
38,0.8,5,0.00051649
39,0.8,5,0.00036522
40,0.8,5,0.00025881
41,0.8,5,0.00018379
42,0.8,5,0.0001308
43,0.8,5,9.329e-05
44,0.8,5,6.667e-05
45,0.8,5,4.775e-05
46,0.8,5,3.427e-05
47,0.8,5,2.465e-05
48,0.8,5,1.776e-05
49,0.8,5,1.283e-05
50,0.8,5,9.28e-06
0,1,5,0.01830452
1,1,5,0.02051509
2,1,5,0.02297343
3,1,5,0.02570501
4,1,5,0.02873756
5,1,5,0.03210114
6,1,5,0.03582812
7,1,5,0.03995293
8,1,5,0.04451143
9,1,5,0.04953961
10,1,5,0.05507089
11,1,5,0.06113113
12,1,5,0.06772943
13,1,5,0.07484184
14,1,5,0.08238336
15,1,5,0.09016228
16,1,5,0.09781194
17,1,5,0.10470357
18,1,5,0.10987235
19,1,5,0.11204311
20,1,5,0.10989497
21,1,5,0.10263598
22,1,5,0.09064601
23,1,5,0.07561773
24,1,5,0.05989108
25,1,5,0.04546693
26,1,5,0.0334457
27,1,5,0.0240752
28,1,5,0.01709038
29,1,5,0.01203129
30,1,5,0.00843148
31,1,5,0.00589673
32,1,5,0.00412223
33,1,5,0.00288341
34,1,5,0.00201934
35,1,5,0.00141649
36,1,5,0.00099545
37,1,5,0.00070095
38,1,5,0.00049461
39,1,5,0.00034975
40,1,5,0.00024784
41,1,5,0.00017601
42,1,5,0.00012526
43,1,5,8.934e-05
44,1,5,6.385e-05
45,1,5,4.573e-05
46,1,5,3.282e-05
47,1,5,2.36e-05
48,1,5,1.701e-05
49,1,5,1.228e-05
50,1,5,8.89e-06
0,5,5,0.00614028
1,5,5,0.00688182
2,5,5,0.00770647
3,5,5,0.00862278
4,5,5,0.00964006
5,5,5,0.01076838
6,5,5,0.0120186
7,5,5,0.01340227
8,5,5,0.01493142
9,5,5,0.01661813
10,5,5,0.01847361
11,5,5,0.02050652
12,5,5,0.02271994
13,5,5,0.0251058
14,5,5,0.02763562
15,5,5,0.03024507
16,5,5,0.03281115
17,5,5,0.03512296
18,5,5,0.03685684
19,5,5,0.03758502
20,5,5,0.03686443
21,5,5,0.03442939
22,5,5,0.03040733
23,5,5,0.02536608
24,5,5,0.02009055
25,5,5,0.01525195
26,5,5,0.01121941
27,5,5,0.00807606
28,5,5,0.00573299
29,5,5,0.00403591
30,5,5,0.00282835
31,5,5,0.00197807
32,5,5,0.00138281
33,5,5,0.00096724
34,5,5,0.00067739
35,5,5,0.00047516
36,5,5,0.00033392
37,5,5,0.00023514
38,5,5,0.00016592
39,5,5,0.00011732
40,5,5,8.314e-05
41,5,5,5.904e-05
42,5,5,4.202e-05
43,5,5,2.997e-05
44,5,5,2.142e-05
45,5,5,1.534e-05
46,5,5,1.101e-05
47,5,5,7.92e-06
48,5,5,5.71e-06
49,5,5,4.12e-06
50,5,5,2.98e-06
0,10,5,0.00375165
1,10,5,0.00420472
2,10,5,0.00470858
3,10,5,0.00526844
4,10,5,0.00588998
5,10,5,0.00657937
6,10,5,0.00734325
7,10,5,0.00818866
8,10,5,0.00912296
9,10,5,0.01015352
10,10,5,0.0112872
11,10,5,0.01252929
12,10,5,0.01388166
13,10,5,0.0153394
14,10,5,0.01688509
15,10,5,0.01847944
16,10,5,0.0200473
17,10,5,0.02145979
18,10,5,0.02251917
19,10,5,0.02296409
20,10,5,0.02252381
21,10,5,0.02103602
22,10,5,0.01857859
23,10,5,0.01549843
24,10,5,0.01227513
25,10,5,0.00931879
26,10,5,0.00685495
27,10,5,0.00493439
28,10,5,0.0035028
29,10,5,0.0024659
30,10,5,0.00172809
31,10,5,0.00120858
32,10,5,0.00084488
33,10,5,0.00059098
34,10,5,0.00041388
35,10,5,0.00029032
36,10,5,0.00020402
37,10,5,0.00014367
38,10,5,0.00010137
39,10,5,7.168e-05
40,10,5,5.08e-05
41,10,5,3.607e-05
42,10,5,2.567e-05
43,10,5,1.831e-05
44,10,5,1.309e-05
45,10,5,9.37e-06
46,10,5,6.73e-06
47,10,5,4.84e-06
48,10,5,3.49e-06
49,10,5,2.52e-06
50,10,5,1.82e-06
0,0.2,10,0.02171265
1,0.2,10,0.02432816
2,0.2,10,0.02723291
3,0.2,10,0.0304544
4,0.2,10,0.03402135
5,0.2,10,0.03796306
6,0.2,10,0.04230833
7,0.2,10,0.04708369
8,0.2,10,0.05231073
9,0.2,10,0.05800196
10,0.2,10,0.06415487
11,0.2,10,0.07074339
12,0.2,10,0.07770638
13,0.2,10,0.08493288
14,0.2,10,0.09224478
15,0.2,10,0.09937974
16,0.2,10,0.10597959
17,0.2,10,0.11159358
18,0.2,10,0.11570789
19,0.2,10,0.1178105
20,0.2,10,0.11748903
21,0.2,10,0.11453946
22,0.2,10,0.10904549
23,0.2,10,0.10138858
24,0.2,10,0.09217579
25,0.2,10,0.08211204
26,0.2,10,0.07186731
27,0.2,10,0.06198208
28,0.2,10,0.05282757
29,0.2,10,0.04461193
30,0.2,10,0.03741239
31,0.2,10,0.03121494
32,0.2,10,0.0259502
33,0.2,10,0.02152079
34,0.2,10,0.01781999
35,0.2,10,0.01474303
36,0.2,10,0.01219329
37,0.2,10,0.01008507
38,0.2,10,0.00834422
39,0.2,10,0.00690771
40,0.2,10,0.00572259
41,0.2,10,0.00474472
42,0.2,10,0.00393753
43,0.2,10,0.00327084
44,0.2,10,0.00271978
45,0.2,10,0.00226391
46,0.2,10,0.00188646
47,0.2,10,0.00157362
48,0.2,10,0.00131407
49,0.2,10,0.00109852
50,0.2,10,0.00091932
0,0.5,10,0.02171046
1,0.5,10,0.02432571
2,0.5,10,0.02723017
3,0.5,10,0.03045134
4,0.5,10,0.03401793
5,0.5,10,0.03795925
6,0.5,10,0.04230408
7,0.5,10,0.04707896
8,0.5,10,0.05230547
9,0.5,10,0.05799613
10,0.5,10,0.06414842
11,0.5,10,0.07073628
12,0.5,10,0.07769858
13,0.5,10,0.08492434
14,0.5,10,0.09223551
15,0.5,10,0.09936975
16,0.5,10,0.10596894
17,0.5,10,0.11158236
18,0.5,10,0.11569626
19,0.5,10,0.11779867
20,0.5,10,0.11747723
21,0.5,10,0.11452795
22,0.5,10,0.10903453
23,0.5,10,0.10137839
24,0.5,10,0.09216652
25,0.5,10,0.08210379
26,0.5,10,0.07186009
27,0.5,10,0.06197586
28,0.5,10,0.05282226
29,0.5,10,0.04460745
30,0.5,10,0.03740863
31,0.5,10,0.0312118
32,0.5,10,0.02594759
33,0.5,10,0.02151863
34,0.5,10,0.0178182
35,0.5,10,0.01474154
36,0.5,10,0.01219207
37,0.5,10,0.01008405
38,0.5,10,0.00834338
39,0.5,10,0.00690702
40,0.5,10,0.00572201
41,0.5,10,0.00474424
42,0.5,10,0.00393713
43,0.5,10,0.00327051
44,0.5,10,0.0027195
45,0.5,10,0.00226369
46,0.5,10,0.00188627
47,0.5,10,0.00157346
48,0.5,10,0.00131394
49,0.5,10,0.00109841
50,0.5,10,0.00091923
0,0.8,10,0.0215312
1,0.8,10,0.02412485
2,0.8,10,0.02700533
3,0.8,10,0.0301999
4,0.8,10,0.03373704
5,0.8,10,0.03764582
6,0.8,10,0.04195477
7,0.8,10,0.04669022
8,0.8,10,0.05187358
9,0.8,10,0.05751725
10,0.8,10,0.06361874
11,0.8,10,0.07015221
12,0.8,10,0.07705701
13,0.8,10,0.08422311
14,0.8,10,0.09147391
15,0.8,10,0.09854925
16,0.8,10,0.10509395
17,0.8,10,0.11066102
18,0.8,10,0.11474095
19,0.8,10,0.11682599
20,0.8,10,0.11650721
21,0.8,10,0.11358229
22,0.8,10,0.10813423
23,0.8,10,0.1005413
24,0.8,10,0.0914055
25,0.8,10,0.08142585
26,0.8,10,0.07126674
27,0.8,10,0.06146412
28,0.8,10,0.05238611
29,0.8,10,0.04423912
30,0.8,10,0.03709974
31,0.8,10,0.03095408
32,0.8,10,0.02573334
33,0.8,10,0.02134095
34,0.8,10,0.01767107
35,0.8,10,0.01461982
36,0.8,10,0.01209139
37,0.8,10,0.01000079
38,0.8,10,0.00827449
39,0.8,10,0.00684999
40,0.8,10,0.00567477
41,0.8,10,0.00470507
42,0.8,10,0.00390463
43,0.8,10,0.0032435
44,0.8,10,0.00269705
45,0.8,10,0.002245
46,0.8,10,0.00187069
47,0.8,10,0.00156047
48,0.8,10,0.00130309
49,0.8,10,0.00108934
50,0.8,10,0.00091164
0,1,10,0.02061912
1,1,10,0.02310291
2,1,10,0.02586137
3,1,10,0.02892061
4,1,10,0.03230792
5,1,10,0.03605111
6,1,10,0.04017754
7,1,10,0.0447124
8,1,10,0.04967618
9,1,10,0.05508079
10,1,10,0.06092381
11,1,10,0.06718051
12,1,10,0.07379283
13,1,10,0.08065537
14,1,10,0.08759902
15,1,10,0.09437464
16,1,10,0.1006421
17,1,10,0.10597334
18,1,10,0.10988045
19,1,10,0.11187717
20,1,10,0.11157189
21,1,10,0.10877087
22,1,10,0.10355359
23,1,10,0.09628231
24,1,10,0.0875335
25,1,10,0.0779766
26,1,10,0.06824783
27,1,10,0.05886046
28,1,10,0.050167
29,1,10,0.04236512
30,1,10,0.03552817
31,1,10,0.02964285
32,1,10,0.02464326
33,1,10,0.02043693
34,1,10,0.01692251
35,1,10,0.01400052
36,1,10,0.0115792
37,1,10,0.00957715
38,1,10,0.00792398
39,1,10,0.00655982
40,1,10,0.00543438
41,1,10,0.00450576
42,1,10,0.00373922
43,1,10,0.00310611
44,1,10,0.0025828
45,1,10,0.0021499
46,1,10,0.00179145
47,1,10,0.00149436
48,1,10,0.00124789
49,1,10,0.0010432
50,1,10,0.00087302
0,5,10,0.00691671
1,5,10,0.0077499
2,5,10,0.00867523
3,5,10,0.00970146
4,5,10,0.01083774
5,5,10,0.0120934
6,5,10,0.01347761
7,5,10,0.01499884
8,5,10,0.01666395
9,5,10,0.01847693
10,5,10,0.02043698
11,5,10,0.0225358
12,5,10,0.02475391
13,5,10,0.02705596
14,5,10,0.02938522
15,5,10,0.03165811
16,5,10,0.03376054
17,5,10,0.03554891
18,5,10,0.03685955
19,5,10,0.03752936
20,5,10,0.03742695
21,5,10,0.03648734
22,5,10,0.0347372
23,5,10,0.03229804
24,5,10,0.02936324
25,5,10,0.02615736
26,5,10,0.02289383
27,5,10,0.01974482
28,5,10,0.01682859
29,5,10,0.01421144
30,5,10,0.01191798
31,5,10,0.00994374
32,5,10,0.00826662
33,5,10,0.0068556
34,5,10,0.00567668
35,5,10,0.00469649
36,5,10,0.00388426
37,5,10,0.00321267
38,5,10,0.00265811
39,5,10,0.0022005
40,5,10,0.00182297
41,5,10,0.00151146
42,5,10,0.00125433
43,5,10,0.00104195
44,5,10,0.0008664
45,5,10,0.00072119
46,5,10,0.00060094
47,5,10,0.00050129
48,5,10,0.00041861
49,5,10,0.00034994
50,5,10,0.00029286
0,10,10,0.00422605
1,10,10,0.00473512
2,10,10,0.00530048
3,10,10,0.0059275
4,10,10,0.00662175
5,10,10,0.00738895
6,10,10,0.00823469
7,10,10,0.00916414
8,10,10,0.01018151
9,10,10,0.01128922
10,10,10,0.0124868
11,10,10,0.01376916
12,10,10,0.0151244
13,10,10,0.01653093
14,10,10,0.01795408
15,10,10,0.0193428
16,10,10,0.02062736
17,10,10,0.02172004
18,10,10,0.02252083
19,10,10,0.02293007
20,10,10,0.0228675
21,10,10,0.02229341
22,10,10,0.02122409
23,10,10,0.01973379
24,10,10,0.01794066
25,10,10,0.0159819
26,10,10,0.01398791
27,10,10,0.0120639
28,10,10,0.01028211
29,10,10,0.00868305
30,10,10,0.00728177
31,10,10,0.00607553
32,10,10,0.00505082
33,10,10,0.0041887
34,10,10,0.0034684
35,10,10,0.00286951
36,10,10,0.00237324
37,10,10,0.00196291
38,10,10,0.00162408
39,10,10,0.00134448
40,10,10,0.00111382
41,10,10,0.00092349
42,10,10,0.00076638
43,10,10,0.00063662
44,10,10,0.00052936
45,10,10,0.00044064
46,10,10,0.00036717
47,10,10,0.00030628
48,10,10,0.00025576
49,10,10,0.00021381
50,10,10,0.00017893
0,0.2,15,0.02283368
1,0.2,15,0.02556304
2,0.2,15,0.02858513
3,0.2,15,0.0319241
4,0.2,15,0.03560373
5,0.2,15,0.03964627
6,0.2,15,0.0440709
7,0.2,15,0.04889143
8,0.2,15,0.05411332
9,0.2,15,0.0597297
10,0.2,15,0.0657164
11,0.2,15,0.07202594
12,0.2,15,0.07858074
13,0.2,15,0.08526638
14,0.2,15,0.09192583
15,0.2,15,0.09835687
16,0.2,15,0.10431489
17,0.2,15,0.10952361
18,0.2,15,0.11369553
19,0.2,15,0.11656147
20,0.2,15,0.11790573
21,0.2,15,0.11759982
22,0.2,15,0.11562616
23,0.2,15,0.11208472
24,0.2,15,0.10717991
25,0.2,15,0.10119104
26,0.2,15,0.09443432
27,0.2,15,0.08722556
28,0.2,15,0.07985066
29,0.2,15,0.07254725
30,0.2,15,0.06549738
31,0.2,15,0.05882875
32,0.2,15,0.05262125
33,0.2,15,0.04691596
34,0.2,15,0.04172452
35,0.2,15,0.03703765
36,0.2,15,0.03283215
37,0.2,15,0.02907642
38,0.2,15,0.02573452
39,0.2,15,0.02276898
40,0.2,15,0.02014275
41,0.2,15,0.01782043
42,0.2,15,0.01576892
43,0.2,15,0.01395786
44,0.2,15,0.01235966
45,0.2,15,0.01094951
46,0.2,15,0.00970525
47,0.2,15,0.00860718
48,0.2,15,0.00763785
49,0.2,15,0.00678185
50,0.2,15,0.00602559
0,0.5,15,0.02283139
1,0.5,15,0.02556047
2,0.5,15,0.02858226
3,0.5,15,0.03192089
4,0.5,15,0.03560015
5,0.5,15,0.03964229
6,0.5,15,0.04406648
7,0.5,15,0.04888652
8,0.5,15,0.05410788
9,0.5,15,0.0597237
10,0.5,15,0.0657098
11,0.5,15,0.0720187
12,0.5,15,0.07857285
13,0.5,15,0.08525781
14,0.5,15,0.09191659
15,0.5,15,0.09834699
16,0.5,15,0.10430441
17,0.5,15,0.10951261
18,0.5,15,0.1136841
19,0.5,15,0.11654976
20,0.5,15,0.11789389
21,0.5,15,0.117588
22,0.5,15,0.11561454
23,0.5,15,0.11207346
24,0.5,15,0.10716914
25,0.5,15,0.10118087
26,0.5,15,0.09442483
27,0.5,15,0.0872168
28,0.5,15,0.07984264
29,0.5,15,0.07253996
30,0.5,15,0.0654908
31,0.5,15,0.05882284
32,0.5,15,0.05261596
33,0.5,15,0.04691124
34,0.5,15,0.04172033
35,0.5,15,0.03703392
36,0.5,15,0.03282885
37,0.5,15,0.0290735
38,0.5,15,0.02573194
39,0.5,15,0.02276669
40,0.5,15,0.02014073
41,0.5,15,0.01781863
42,0.5,15,0.01576734
43,0.5,15,0.01395646
44,0.5,15,0.01235841
45,0.5,15,0.01094841
46,0.5,15,0.00970427
47,0.5,15,0.00860631
48,0.5,15,0.00763708
49,0.5,15,0.00678116
50,0.5,15,0.00602498
0,0.8,15,0.02264287
1,0.8,15,0.02534942
2,0.8,15,0.02834625
3,0.8,15,0.03165732
4,0.8,15,0.0353062
5,0.8,15,0.03931496
6,0.8,15,0.04370262
7,0.8,15,0.04848286
8,0.8,15,0.05366111
9,0.8,15,0.05923055
10,0.8,15,0.06516723
11,0.8,15,0.07142403
12,0.8,15,0.07792406
13,0.8,15,0.08455383
14,0.8,15,0.09115763
15,0.8,15,0.09753493
16,0.8,15,0.10344316
17,0.8,15,0.10860835
18,0.8,15,0.1127454
19,0.8,15,0.11558739
20,0.8,15,0.11692043
21,0.8,15,0.11661707
22,0.8,15,0.1146599
23,0.8,15,0.11114806
24,0.8,15,0.10628424
25,0.8,15,0.10034541
26,0.8,15,0.09364516
27,0.8,15,0.08649664
28,0.8,15,0.07918337
29,0.8,15,0.07194099
30,0.8,15,0.06495003
31,0.8,15,0.05833714
32,0.8,15,0.05218151
33,0.8,15,0.04652389
34,0.8,15,0.04137584
35,0.8,15,0.03672813
36,0.8,15,0.03255778
37,0.8,15,0.02883344
38,0.8,15,0.02551946
39,0.8,15,0.0225787
40,0.8,15,0.01997442
41,0.8,15,0.0176715
42,0.8,15,0.01563715
43,0.8,15,0.01384122
44,0.8,15,0.01225637
45,0.8,15,0.010858
46,0.8,15,0.00962414
47,0.8,15,0.00853525
48,0.8,15,0.00757402
49,0.8,15,0.00672517
50,0.8,15,0.00597524
0,1,15,0.0216837
1,1,15,0.0242756
2,1,15,0.02714549
3,1,15,0.03031629
4,1,15,0.0338106
5,1,15,0.03764955
6,1,15,0.04185134
7,1,15,0.04642909
8,1,15,0.05138799
9,1,15,0.05672151
10,1,15,0.0624067
11,1,15,0.06839846
12,1,15,0.07462315
13,1,15,0.08097207
14,1,15,0.08729613
15,1,15,0.09340329
16,1,15,0.09906124
17,1,15,0.10400763
18,1,15,0.10796943
19,1,15,0.11069104
20,1,15,0.1119676
21,1,15,0.11167709
22,1,15,0.10980283
23,1,15,0.10643975
24,1,15,0.10178197
25,1,15,0.09609471
26,1,15,0.08967828
27,1,15,0.08283259
28,1,15,0.07582911
29,1,15,0.06889352
30,1,15,0.06219871
31,1,15,0.05586594
32,1,15,0.04997107
33,1,15,0.04455311
34,1,15,0.03962313
35,1,15,0.0351723
36,1,15,0.03117861
37,1,15,0.02761204
38,1,15,0.02443844
39,1,15,0.02162225
40,1,15,0.01912829
41,1,15,0.01692293
42,1,15,0.01497475
43,1,15,0.01325489
44,1,15,0.01173718
45,1,15,0.01039805
46,1,15,0.00921646
47,1,15,0.00817369
48,1,15,0.00725318
49,1,15,0.00644029
50,1,15,0.00572212
0,5,15,0.00727383
1,5,15,0.00814328
2,5,15,0.00910599
3,5,15,0.01016964
4,5,15,0.01134182
5,5,15,0.0126296
6,5,15,0.01403909
7,5,15,0.01557471
8,5,15,0.01723817
9,5,15,0.01902731
10,5,15,0.02093442
11,5,15,0.02294436
12,5,15,0.02503244
13,5,15,0.0271622
14,5,15,0.02928361
15,5,15,0.03133227
16,5,15,0.03323024
17,5,15,0.03488951
18,5,15,0.0362185
19,5,15,0.03713147
20,5,15,0.03755969
21,5,15,0.03746224
22,5,15,0.03683352
23,5,15,0.03570537
24,5,15,0.03414291
25,5,15,0.03223511
26,5,15,0.03008271
27,5,15,0.02778631
28,5,15,0.02543698
29,5,15,0.02311043
30,5,15,0.02086465
31,5,15,0.01874031
32,5,15,0.01676287
33,5,15,0.01494541
34,5,15,0.01329164
35,5,15,0.0117986
36,5,15,0.01045891
37,5,15,0.0092625
38,5,15,0.00819791
39,5,15,0.00725322
40,5,15,0.00641661
41,5,15,0.00567682
42,5,15,0.0050233
43,5,15,0.00444637
44,5,15,0.00393725
45,5,15,0.00348804
46,5,15,0.00309167
47,5,15,0.00274188
48,5,15,0.00243309
49,5,15,0.0021604
50,5,15,0.00191949
0,10,15,0.00444424
1,10,15,0.00497547
2,10,15,0.00556367
3,10,15,0.00621355
4,10,15,0.00692974
5,10,15,0.00771656
6,10,15,0.00857775
7,10,15,0.009516
8,10,15,0.01053236
9,10,15,0.0116255
10,10,15,0.01279073
11,10,15,0.01401878
12,10,15,0.01529458
13,10,15,0.01659584
14,10,15,0.017892
15,10,15,0.01914371
16,10,15,0.02030335
17,10,15,0.02131715
18,10,15,0.02212915
19,10,15,0.02268697
20,10,15,0.02294861
21,10,15,0.02288907
22,10,15,0.02250492
23,10,15,0.02181564
24,10,15,0.02086099
25,10,15,0.01969534
26,10,15,0.01838025
27,10,15,0.01697717
28,10,15,0.01554175
29,10,15,0.01412025
30,10,15,0.0127481
31,10,15,0.01145015
32,10,15,0.01024195
33,10,15,0.0091315
34,10,15,0.00812106
35,10,15,0.00720883
36,10,15,0.00639029
37,10,15,0.0056593
38,10,15,0.00500884
39,10,15,0.00443165
40,10,15,0.00392049
41,10,15,0.00346848
42,10,15,0.00306919
43,10,15,0.00271669
44,10,15,0.00240562
45,10,15,0.00213116
46,10,15,0.00188898
47,10,15,0.00167526
48,10,15,0.00148659
49,10,15,0.00131999
50,10,15,0.00117279
0,0.2,20,0.02308984
1,0.2,20,0.0258185
2,0.2,20,0.02882912
3,0.2,20,0.03214161
4,0.2,20,0.03577443
5,0.2,20,0.03974343
6,0.2,20,0.04406022
7,0.2,20,0.0487302
8,0.2,20,0.05375008
9,0.2,20,0.05910491
10,0.2,20,0.0647648
11,0.2,20,0.0706813
12,0.2,20,0.07678405
13,0.2,20,0.082978
14,0.2,20,0.08914202
15,0.2,20,0.0951298
16,0.2,20,0.10077379
17,0.2,20,0.10589276
18,0.2,20,0.11030321
19,0.2,20,0.11383364
20,0.2,20,0.11634024
21,0.2,20,0.11772141
22,0.2,20,0.11792852
23,0.2,20,0.11697089
24,0.2,20,0.11491392
25,0.2,20,0.11187077
26,0.2,20,0.10798958
27,0.2,20,0.10343855
28,0.2,20,0.0983913
29,0.2,20,0.09301466
30,0.2,20,0.08745968
31,0.2,20,0.0818562
32,0.2,20,0.0763106
33,0.2,20,0.07090592
34,0.2,20,0.06570373
35,0.2,20,0.06074682
36,0.2,20,0.0560623
37,0.2,20,0.05166472
38,0.2,20,0.04755882
39,0.2,20,0.04374204
40,0.2,20,0.04020657
41,0.2,20,0.03694092
42,0.2,20,0.0339313
43,0.2,20,0.03116257
44,0.2,20,0.02861896
45,0.2,20,0.02628464
46,0.2,20,0.02414408
47,0.2,20,0.0221823
48,0.2,20,0.02038506
49,0.2,20,0.01873896
50,0.2,20,0.01723143
0,0.5,20,0.02308752
1,0.5,20,0.02581591
2,0.5,20,0.02882622
3,0.5,20,0.03213838
4,0.5,20,0.03577084
5,0.5,20,0.03973944
6,0.5,20,0.0440558
7,0.5,20,0.04872531
8,0.5,20,0.05374468
9,0.5,20,0.05909897
10,0.5,20,0.06475829
11,0.5,20,0.0706742
12,0.5,20,0.07677634
13,0.5,20,0.08296966
14,0.5,20,0.08913306
15,0.5,20,0.09512025
16,0.5,20,0.10076367
17,0.5,20,0.10588212
18,0.5,20,0.11029212
19,0.5,20,0.1138222
20,0.5,20,0.11632856
21,0.5,20,0.11770958
22,0.5,20,0.11791667
23,0.5,20,0.11695914
24,0.5,20,0.11490237
25,0.5,20,0.11185953
26,0.5,20,0.10797873
27,0.5,20,0.10342815
28,0.5,20,0.09838141
29,0.5,20,0.09300531
30,0.5,20,0.08745089
31,0.5,20,0.08184798
32,0.5,20,0.07630293
33,0.5,20,0.07089879
34,0.5,20,0.06569713
35,0.5,20,0.06074071
36,0.5,20,0.05605667
37,0.5,20,0.05165952
38,0.5,20,0.04755404
39,0.5,20,0.04373765
40,0.5,20,0.04020253
41,0.5,20,0.03693721
42,0.5,20,0.03392789
43,0.5,20,0.03115944
44,0.5,20,0.02861609
45,0.5,20,0.026282
46,0.5,20,0.02414165
47,0.5,20,0.02218007
48,0.5,20,0.02038302
49,0.5,20,0.01873707
50,0.5,20,0.0172297
0,0.8,20,0.02289689
1,0.8,20,0.02560274
2,0.8,20,0.0285882
3,0.8,20,0.03187301
4,0.8,20,0.03547548
5,0.8,20,0.03941131
6,0.8,20,0.04369202
7,0.8,20,0.04832298
8,0.8,20,0.0533009
9,0.8,20,0.05861099
10,0.8,20,0.06422358
11,0.8,20,0.07009064
12,0.8,20,0.07614239
13,0.8,20,0.08228457
14,0.8,20,0.08839708
15,0.8,20,0.09433483
16,0.8,20,0.09993165
17,0.8,20,0.10500785
18,0.8,20,0.10938143
19,0.8,20,0.11288236
20,0.8,20,0.11536802
21,0.8,20,0.11673764
22,0.8,20,0.11694302
23,0.8,20,0.1159934
24,0.8,20,0.11395361
25,0.8,20,0.11093589
26,0.8,20,0.10708714
27,0.8,20,0.10257414
28,0.8,20,0.09756907
29,0.8,20,0.09223736
30,0.8,20,0.0867288
31,0.8,20,0.08117215
32,0.8,20,0.07567289
33,0.8,20,0.07031338
34,0.8,20,0.06515466
35,0.8,20,0.06023917
36,0.8,20,0.05559381
37,0.8,20,0.05123297
38,0.8,20,0.04716138
39,0.8,20,0.0433765
40,0.8,20,0.03987057
41,0.8,20,0.03663221
42,0.8,20,0.03364775
43,0.8,20,0.03090215
44,0.8,20,0.0283798
45,0.8,20,0.02606499
46,0.8,20,0.02394231
47,0.8,20,0.02199693
48,0.8,20,0.02021471
49,0.8,20,0.01858236
50,0.8,20,0.01708743
0,1,20,0.02192696
1,1,20,0.02451819
2,1,20,0.02737719
3,1,20,0.03052284
4,1,20,0.03397271
5,1,20,0.03774182
6,1,20,0.0418412
7,1,20,0.04627598
8,1,20,0.05104304
9,1,20,0.05612819
10,1,20,0.06150302
11,1,20,0.06712155
12,1,20,0.07291695
13,1,20,0.07879894
14,1,20,0.08465252
15,1,20,0.09033874
16,1,20,0.09569848
17,1,20,0.10055964
18,1,20,0.10474796
19,1,20,0.10810059
20,1,20,0.11048095
21,1,20,0.11179256
22,1,20,0.11198923
23,1,20,0.11107984
24,1,20,0.10912646
25,1,20,0.10623657
26,1,20,0.10255086
27,1,20,0.09822903
28,1,20,0.09343598
29,1,20,0.08833012
30,1,20,0.08305491
31,1,20,0.07773365
32,1,20,0.07246734
33,1,20,0.06733486
34,1,20,0.06239467
35,1,20,0.0576874
36,1,20,0.05323881
37,1,20,0.04906271
38,1,20,0.04516359
39,1,20,0.04153905
40,1,20,0.03818163
41,1,20,0.03508045
42,1,20,0.03222241
43,1,20,0.02959312
44,1,20,0.02717761
45,1,20,0.02496086
46,1,20,0.0229281
47,1,20,0.02106512
48,1,20,0.0193584
49,1,20,0.0177952
50,1,20,0.01636359
0,5,20,0.00735543
1,5,20,0.00822466
2,5,20,0.00918372
3,5,20,0.01023893
4,5,20,0.0113962
5,5,20,0.01266055
6,5,20,0.01403569
7,5,20,0.01552335
8,5,20,0.01712246
9,5,20,0.01882828
10,5,20,0.02063128
11,5,20,0.02251602
12,5,20,0.0244601
13,5,20,0.02643322
14,5,20,0.02839681
15,5,20,0.03030426
16,5,20,0.03210219
17,5,20,0.03373288
18,5,20,0.03513785
19,5,20,0.0362625
20,5,20,0.037061
21,5,20,0.03750098
22,5,20,0.03756695
23,5,20,0.03726189
24,5,20,0.03660663
25,5,20,0.03563721
26,5,20,0.03440083
27,5,20,0.03295107
28,5,20,0.03134323
29,5,20,0.02963047
30,5,20,0.02786089
31,5,20,0.02607586
32,5,20,0.02430927
33,5,20,0.02258757
34,5,20,0.02093038
35,5,20,0.01935132
36,5,20,0.01785904
37,5,20,0.01645816
38,5,20,0.01515019
39,5,20,0.01393433
40,5,20,0.01280808
41,5,20,0.01176779
42,5,20,0.01080905
43,5,20,0.00992705
44,5,20,0.00911677
45,5,20,0.00837316
46,5,20,0.00769126
47,5,20,0.00706633
48,5,20,0.0064938
49,5,20,0.00596942
50,5,20,0.00548919
0,10,20,0.0044941
1,10,20,0.00502519
2,10,20,0.00561116
3,10,20,0.00625589
4,10,20,0.00696297
5,10,20,0.00773547
6,10,20,0.00857567
7,10,20,0.00948461
8,10,20,0.01046166
9,10,20,0.0115039
10,10,20,0.01260551
11,10,20,0.01375707
12,10,20,0.01494488
13,10,20,0.01615044
14,10,20,0.01735018
15,10,20,0.01851561
16,10,20,0.01961413
17,10,20,0.02061046
18,10,20,0.02146889
19,10,20,0.02215604
20,10,20,0.02264391
21,10,20,0.02291273
22,10,20,0.02295304
23,10,20,0.02276666
24,10,20,0.0223663
25,10,20,0.02177399
26,10,20,0.02101858
27,10,20,0.02013279
28,10,20,0.01915041
29,10,20,0.01810393
30,10,20,0.01702273
31,10,20,0.0159321
32,10,20,0.01485273
33,10,20,0.01380079
34,10,20,0.01278826
35,10,20,0.01182347
36,10,20,0.0109117
37,10,20,0.01005577
38,10,20,0.00925662
39,10,20,0.00851374
40,10,20,0.00782561
41,10,20,0.00719
42,10,20,0.00660423
43,10,20,0.00606533
44,10,20,0.00557026
45,10,20,0.00511592
46,10,20,0.00469929
47,10,20,0.00431746
48,10,20,0.00396765
49,10,20,0.00364726
50,10,20,0.00335384
0,0.2,25,0.02271178
1,0.2,25,0.02536133
2,0.2,25,0.02827486
3,0.2,25,0.03146852
4,0.2,25,0.03495658
5,0.2,25,0.03875031
6,0.2,25,0.04285671
7,0.2,25,0.04727689
8,0.2,25,0.0520043
9,0.2,25,0.05702263
10,0.2,25,0.0623038
11,0.2,25,0.06780587
12,0.2,25,0.07347139
13,0.2,25,0.07922629
14,0.2,25,0.08497989
15,0.2,25,0.09062619
16,0.2,25,0.09604685
17,0.2,25,0.10111598
18,0.2,25,0.10570653
19,0.2,25,0.109698
20,0.2,25,0.11298443
21,0.2,25,0.11548199
22,0.2,25,0.11713494
23,0.2,25,0.11791924
24,0.2,25,0.11784329
25,0.2,25,0.11694577
26,0.2,25,0.11529115
27,0.2,25,0.11296345
28,0.2,25,0.11005942
29,0.2,25,0.10668171
30,0.2,25,0.10293291
31,0.2,25,0.09891083
32,0.2,25,0.09470502
33,0.2,25,0.09039471
34,0.2,25,0.08604781
35,0.2,25,0.08172087
36,0.2,25,0.07745956
37,0.2,25,0.07329967
38,0.2,25,0.06926825
39,0.2,25,0.06538484
40,0.2,25,0.06166273
41,0.2,25,0.05811002
42,0.2,25,0.0547307
43,0.2,25,0.05152548
44,0.2,25,0.04849256
45,0.2,25,0.04562826
46,0.2,25,0.0429275
47,0.2,25,0.04038424
48,0.2,25,0.03799179
49,0.2,25,0.03574308
50,0.2,25,0.03363086
0,0.5,25,0.0227095
1,0.5,25,0.02535878
2,0.5,25,0.02827202
3,0.5,25,0.03146536
4,0.5,25,0.03495306
5,0.5,25,0.03874641
6,0.5,25,0.0428524
7,0.5,25,0.04727214
8,0.5,25,0.05199907
9,0.5,25,0.0570169
10,0.5,25,0.06229754
11,0.5,25,0.06779906
12,0.5,25,0.073464
13,0.5,25,0.07921833
14,0.5,25,0.08497136
15,0.5,25,0.09061709
16,0.5,25,0.0960372
17,0.5,25,0.10110582
18,0.5,25,0.10569591
19,0.5,25,0.10968698
20,0.5,25,0.11297308
21,0.5,25,0.11547039
22,0.5,25,0.11712317
23,0.5,25,0.1179074
24,0.5,25,0.11783145
25,0.5,25,0.11693402
26,0.5,25,0.11527956
27,0.5,25,0.1129521
28,0.5,25,0.11004836
29,0.5,25,0.10667099
30,0.5,25,0.10292257
31,0.5,25,0.09890089
32,0.5,25,0.0946955
33,0.5,25,0.09038562
34,0.5,25,0.08603917
35,0.5,25,0.08171266
36,0.5,25,0.07745178
37,0.5,25,0.07329231
38,0.5,25,0.06926129
39,0.5,25,0.06537827
40,0.5,25,0.06165653
41,0.5,25,0.05810418
42,0.5,25,0.0547252
43,0.5,25,0.0515203
44,0.5,25,0.04848769
45,0.5,25,0.04562367
46,0.5,25,0.04292318
47,0.5,25,0.04038018
48,0.5,25,0.03798797
49,0.5,25,0.03573949
50,0.5,25,0.03362748
0,0.8,25,0.02252198
1,0.8,25,0.02514939
2,0.8,25,0.02803857
3,0.8,25,0.03120555
4,0.8,25,0.03466445
5,0.8,25,0.03842648
6,0.8,25,0.04249856
7,0.8,25,0.04688181
8,0.8,25,0.05156971
9,0.8,25,0.05654611
10,0.8,25,0.06178314
11,0.8,25,0.06723924
12,0.8,25,0.07285741
13,0.8,25,0.07856422
14,0.8,25,0.08426974
15,0.8,25,0.08986886
16,0.8,25,0.09524422
17,0.8,25,0.10027098
18,0.8,25,0.10482317
19,0.8,25,0.10878129
20,0.8,25,0.11204025
21,0.8,25,0.11451694
22,0.8,25,0.11615608
23,0.8,25,0.11693383
24,0.8,25,0.11685851
25,0.8,25,0.11596849
26,0.8,25,0.11432769
27,0.8,25,0.11201945
28,0.8,25,0.10913968
29,0.8,25,0.1057902
30,0.8,25,0.10207273
31,0.8,25,0.09808426
32,0.8,25,0.0939136
33,0.8,25,0.0896393
34,0.8,25,0.08532873
35,0.8,25,0.08103795
36,0.8,25,0.07681225
37,0.8,25,0.07268713
38,0.8,25,0.06868939
39,0.8,25,0.06483844
40,0.8,25,0.06114743
41,0.8,25,0.05762441
42,0.8,25,0.05427333
43,0.8,25,0.05109489
44,0.8,25,0.04808732
45,0.8,25,0.04524696
46,0.8,25,0.04256876
47,0.8,25,0.04004676
48,0.8,25,0.0376743
49,0.8,25,0.03544439
50,0.8,25,0.03334982
0,1,25,0.02156794
1,1,25,0.02408405
2,1,25,0.02685084
3,1,25,0.02988366
4,1,25,0.03319604
5,1,25,0.03679871
6,1,25,0.0406983
7,1,25,0.04489587
8,1,25,0.04938518
9,1,25,0.05415078
10,1,25,0.05916597
11,1,25,0.06439094
12,1,25,0.06977112
13,1,25,0.07523618
14,1,25,0.08070002
15,1,25,0.08606195
16,1,25,0.09120961
17,1,25,0.09602343
18,1,25,0.10038279
19,1,25,0.10417324
20,1,25,0.10729415
21,1,25,0.10966593
22,1,25,0.11123563
23,1,25,0.11198043
24,1,25,0.1119083
25,1,25,0.11105599
26,1,25,0.10948469
27,1,25,0.10727423
28,1,25,0.10451645
29,1,25,0.10130885
30,1,25,0.09774886
31,1,25,0.09392935
32,1,25,0.08993535
33,1,25,0.08584212
34,1,25,0.08171415
35,1,25,0.07760513
36,1,25,0.07355843
37,1,25,0.06960805
38,1,25,0.06577966
39,1,25,0.06209184
40,1,25,0.05855718
41,1,25,0.0551834
42,1,25,0.05197427
43,1,25,0.04893048
44,1,25,0.04605031
45,1,25,0.04333026
46,1,25,0.04076552
47,1,25,0.03835035
48,1,25,0.03607839
49,1,25,0.03394294
50,1,25,0.0319371
0,5,25,0.007235
1,5,25,0.00807903
2,5,25,0.00900715
3,5,25,0.01002452
4,5,25,0.01113566
5,5,25,0.01234418
6,5,25,0.0136523
7,5,25,0.01506038
8,5,25,0.01656633
9,5,25,0.01816496
10,5,25,0.01984731
11,5,25,0.02160003
12,5,25,0.02340482
13,5,25,0.02523809
14,5,25,0.02707094
15,5,25,0.02886961
16,5,25,0.03059639
17,5,25,0.0322112
18,5,25,0.03367355
19,5,25,0.03494506
20,5,25,0.03599198
21,5,25,0.03678759
22,5,25,0.03731415
23,5,25,0.037564
24,5,25,0.0375398
25,5,25,0.03725389
26,5,25,0.0367268
27,5,25,0.03598529
28,5,25,0.0350602
29,5,25,0.0339842
30,5,25,0.03279
31,5,25,0.03150873
32,5,25,0.03016894
33,5,25,0.02879586
34,5,25,0.02741113
35,5,25,0.02603275
36,5,25,0.02467528
37,5,25,0.02335012
38,5,25,0.02206588
39,5,25,0.0208288
40,5,25,0.01964309
41,5,25,0.01851135
42,5,25,0.01743485
43,5,25,0.0164138
44,5,25,0.01544764
45,5,25,0.0145352
46,5,25,0.01367485
47,5,25,0.01286468
48,5,25,0.01210255
49,5,25,0.01138621
50,5,25,0.01071335
0,10,25,0.00442051
1,10,25,0.00493621
2,10,25,0.00550328
3,10,25,0.00612488
4,10,25,0.00680378
5,10,25,0.00754217
6,10,25,0.00834142
7,10,25,0.00920175
8,10,25,0.01012187
9,10,25,0.01109861
10,10,25,0.01212651
11,10,25,0.01319741
12,10,25,0.01430012
13,10,25,0.01542023
14,10,25,0.01654008
15,10,25,0.01763905
16,10,25,0.0186941
17,10,25,0.01968073
18,10,25,0.02057422
19,10,25,0.0213511
20,10,25,0.02199075
21,10,25,0.02247686
22,10,25,0.02279859
23,10,25,0.02295124
24,10,25,0.02293646
25,10,25,0.02276177
26,10,25,0.02243972
27,10,25,0.02198667
28,10,25,0.02142144
29,10,25,0.02076402
30,10,25,0.02003437
31,10,25,0.01925153
32,10,25,0.01843293
33,10,25,0.01759399
34,10,25,0.01674794
35,10,25,0.01590576
36,10,25,0.01507636
37,10,25,0.0142667
38,10,25,0.01348204
39,10,25,0.01272619
40,10,25,0.01200174
41,10,25,0.01131026
42,10,25,0.01065252
43,10,25,0.01002867
44,10,25,0.00943836
45,10,25,0.00888087
46,10,25,0.0083552
47,10,25,0.0078602
48,10,25,0.00739454
49,10,25,0.00695686
50,10,25,0.00654575
0,0.2,30,0.02185665
1,0.2,30,0.02437361
2,0.2,30,0.02713332
3,0.2,30,0.03014901
4,0.2,30,0.03343193
5,0.2,30,0.03699048
6,0.2,30,0.04082922
7,0.2,30,0.04494761
8,0.2,30,0.04933881
9,0.2,30,0.05398824
10,0.2,30,0.05887235
11,0.2,30,0.06395736
12,0.2,30,0.06919844
13,0.2,30,0.07453932
14,0.2,30,0.07991255
15,0.2,30,0.08524057
16,0.2,30,0.09043777
17,0.2,30,0.09541343
18,0.2,30,0.10007553
19,0.2,30,0.1043351
20,0.2,30,0.10811082
21,0.2,30,0.11133338
22,0.2,30,0.11394913
23,0.2,30,0.11592268
24,0.2,30,0.11723816
25,0.2,30,0.11789904
26,0.2,30,0.11792668
27,0.2,30,0.1173578
28,0.2,30,0.1162413
29,0.2,30,0.11463473
30,0.2,30,0.1126008
31,0.2,30,0.1102042
32,0.2,30,0.10750886
33,0.2,30,0.10457592
34,0.2,30,0.10146209
35,0.2,30,0.09821878
36,0.2,30,0.0948915
37,0.2,30,0.09151978
38,0.2,30,0.08813729
39,0.2,30,0.08477221
40,0.2,30,0.08144764
41,0.2,30,0.0781822
42,0.2,30,0.0749905
43,0.2,30,0.07188374
44,0.2,30,0.06887019
45,0.2,30,0.06595564
46,0.2,30,0.06314384
47,0.2,30,0.06043686
48,0.2,30,0.0578354
49,0.2,30,0.05533907
50,0.2,30,0.0529466
0,0.5,30,0.02185446
1,0.5,30,0.02437116
2,0.5,30,0.02713059
3,0.5,30,0.03014598
4,0.5,30,0.03342857
5,0.5,30,0.03698677
6,0.5,30,0.04082512
7,0.5,30,0.0449431
8,0.5,30,0.04933385
9,0.5,30,0.05398282
10,0.5,30,0.05886643
11,0.5,30,0.06395093
12,0.5,30,0.06919149
13,0.5,30,0.07453183
14,0.5,30,0.07990452
15,0.5,30,0.085232
16,0.5,30,0.09042868
17,0.5,30,0.09540384
18,0.5,30,0.10006548
19,0.5,30,0.10432462
20,0.5,30,0.10809996
21,0.5,30,0.11132219
22,0.5,30,0.11393768
23,0.5,30,0.11591103
24,0.5,30,0.11722638
25,0.5,30,0.1178872
26,0.5,30,0.11791483
27,0.5,30,0.117346
28,0.5,30,0.11622962
29,0.5,30,0.11462321
30,0.5,30,0.11258949
31,0.5,30,0.11019312
32,0.5,30,0.10749806
33,0.5,30,0.10456541
34,0.5,30,0.1014519
35,0.5,30,0.09820891
36,0.5,30,0.09488196
37,0.5,30,0.09151058
38,0.5,30,0.08812843
39,0.5,30,0.08476369
40,0.5,30,0.08143946
41,0.5,30,0.07817434
42,0.5,30,0.07498297
43,0.5,30,0.07187652
44,0.5,30,0.06886327
45,0.5,30,0.06594901
46,0.5,30,0.06313749
47,0.5,30,0.06043079
48,0.5,30,0.05782959
49,0.5,30,0.05533351
50,0.5,30,0.05294128
0,0.8,30,0.021674
1,0.8,30,0.02416992
2,0.8,30,0.02690657
3,0.8,30,0.02989706
4,0.8,30,0.03315254
5,0.8,30,0.03668136
6,0.8,30,0.04048802
7,0.8,30,0.044572
8,0.8,30,0.0489265
9,0.8,30,0.05353708
10,0.8,30,0.05838037
11,0.8,30,0.06342288
12,0.8,30,0.06862017
13,0.8,30,0.07391642
14,0.8,30,0.07924474
15,0.8,30,0.08452823
16,0.8,30,0.089682
17,0.8,30,0.09461609
18,0.8,30,0.09923923
19,0.8,30,0.1034632
20,0.8,30,0.10720737
21,0.8,30,0.11040299
22,0.8,30,0.11299688
23,0.8,30,0.11495395
24,0.8,30,0.11625844
25,0.8,30,0.11691379
26,0.8,30,0.1169412
27,0.8,30,0.11637707
28,0.8,30,0.1152699
29,0.8,30,0.11367676
30,0.8,30,0.11165983
31,0.8,30,0.10928325
32,0.8,30,0.10661044
33,0.8,30,0.103702
34,0.8,30,0.1006142
35,0.8,30,0.09739799
36,0.8,30,0.09409851
37,0.8,30,0.09075497
38,0.8,30,0.08740075
39,0.8,30,0.08406379
40,0.8,30,0.08076701
41,0.8,30,0.07752885
42,0.8,30,0.07436382
43,0.8,30,0.07128303
44,0.8,30,0.06829466
45,0.8,30,0.06540446
46,0.8,30,0.06261616
47,0.8,30,0.05993181
48,0.8,30,0.05735209
49,0.8,30,0.05487662
50,0.8,30,0.05250414
0,1,30,0.02075588
1,1,30,0.02314607
2,1,30,0.02576679
3,1,30,0.0286306
4,1,30,0.03174818
5,1,30,0.03512752
6,1,30,0.03877292
7,1,30,0.0426839
8,1,30,0.04685394
9,1,30,0.05126921
10,1,30,0.05590734
11,1,30,0.06073625
12,1,30,0.06571337
13,1,30,0.07078527
14,1,30,0.07588788
15,1,30,0.08094756
16,1,30,0.08588301
17,1,30,0.09060809
18,1,30,0.09503539
19,1,30,0.09908043
20,1,30,0.10266599
21,1,30,0.10572625
22,1,30,0.10821026
23,1,30,0.11008442
24,1,30,0.11133365
25,1,30,0.11196125
26,1,30,0.11198749
27,1,30,0.11144726
28,1,30,0.11038699
29,1,30,0.10886134
30,1,30,0.10692984
31,1,30,0.10465394
32,1,30,0.10209435
33,1,30,0.09930912
34,1,30,0.09635212
35,1,30,0.09327214
36,1,30,0.09011244
37,1,30,0.08691053
38,1,30,0.0836984
39,1,30,0.08050279
40,1,30,0.07734566
41,1,30,0.07424468
42,1,30,0.07121372
43,1,30,0.06826343
44,1,30,0.06540165
45,1,30,0.06263389
46,1,30,0.0599637
47,1,30,0.05739306
48,1,30,0.05492262
49,1,30,0.05255201
50,1,30,0.05028003
0,5,30,0.00696259
1,5,30,0.00776438
2,5,30,0.00864351
3,5,30,0.00960418
4,5,30,0.01064997
5,5,30,0.01178358
6,5,30,0.01300643
7,5,30,0.01431838
8,5,30,0.01571722
9,5,30,0.01719833
10,5,30,0.0187542
11,5,30,0.02037406
12,5,30,0.02204364
13,5,30,0.02374502
14,5,30,0.0254567
15,5,30,0.02715398
16,5,30,0.02880958
17,5,30,0.03039461
18,5,30,0.03187976
19,5,30,0.03323667
20,5,30,0.03443946
21,5,30,0.03546602
22,5,30,0.03629929
23,5,30,0.03692798
24,5,30,0.03734703
25,5,30,0.03755756
26,5,30,0.03756636
27,5,30,0.03738514
28,5,30,0.03702947
29,5,30,0.03651769
30,5,30,0.03586977
31,5,30,0.03510631
32,5,30,0.0342477
33,5,30,0.03331339
34,5,30,0.03232146
35,5,30,0.03128828
36,5,30,0.03022835
37,5,30,0.02915426
38,5,30,0.02807675
39,5,30,0.02700478
40,5,30,0.02594571
41,5,30,0.02490548
42,5,30,0.02388875
43,5,30,0.02289907
44,5,30,0.02193908
45,5,30,0.02101063
46,5,30,0.02011491
47,5,30,0.01925258
48,5,30,0.01842387
49,5,30,0.01762865
50,5,30,0.01686651
0,10,30,0.00425407
1,10,30,0.00474396
2,10,30,0.0052811
3,10,30,0.00586806
4,10,30,0.00650703
5,10,30,0.00719965
6,10,30,0.0079468
7,10,30,0.00874839
8,10,30,0.00960307
9,10,30,0.01050801
10,10,30,0.01145863
11,10,30,0.01244835
12,10,30,0.01346845
13,10,30,0.01450798
14,10,30,0.0155538
15,10,30,0.01659082
16,10,30,0.01760238
17,10,30,0.01857081
18,10,30,0.01947822
19,10,30,0.02030729
20,10,30,0.02104217
21,10,30,0.0216694
22,10,30,0.02217851
23,10,30,0.02256264
24,10,30,0.02281868
25,10,30,0.02294731
26,10,30,0.02295269
27,10,30,0.02284196
28,10,30,0.02262465
29,10,30,0.02231196
30,10,30,0.02191608
31,10,30,0.02144962
32,10,30,0.02092501
33,10,30,0.02035416
34,10,30,0.0197481
35,10,30,0.01911683
36,10,30,0.01846923
37,10,30,0.01781297
38,10,30,0.01715462
39,10,30,0.01649966
40,10,30,0.01585258
41,10,30,0.01521701
42,10,30,0.01459579
43,10,30,0.01399111
44,10,30,0.01340456
45,10,30,0.01283729
46,10,30,0.01229002
47,10,30,0.01176314
48,10,30,0.01125681
49,10,30,0.01077093
50,10,30,0.01030527
